image_name,x,y,z,heading_rad,label
000001.png,-1.35,-0.3,0.0001,-0.0,
000002.png,-1.35,-0.3,0.0001,-0.0,
000003.png,-1.35,-0.3,0.0001,-0.0,
000004.png,-1.35,-0.3,0.0001,-0.0,
000005.png,-1.35,-0.3,0.0001,-0.0,
000006.png,-1.35,-0.3,0.0001,-0.0,
000007.png,-1.35,-0.3,0.0001,-0.0,
000008.png,-1.35,-0.3,0.0001,-0.0,
000009.png,-1.35,-0.3,0.0001,-0.0,
000010.png,-1.35,-0.3,0.0001,-0.0,
000011.png,-1.35,-0.3,0.0001,-0.0,
000012.png,-1.35,-0.3,0.0001,-0.0,
000013.png,-1.35,-0.3,0.0001,-0.0,
000014.png,-1.35,-0.3,0.0001,-0.0,
000015.png,-1.35,-0.3,0.0001,-0.0,
000016.png,-1.35,-0.3,0.0001,-0.0,
000017.png,-1.35,-0.3,0.0001,-0.0,
000018.png,-1.35,-0.3,0.0001,-0.0,
000019.png,-1.35,-0.3,0.0001,-0.0,
000020.png,-1.35,-0.3,0.0001,-0.0,
000021.png,-1.35,-0.3,0.0001,-0.0,
000022.png,-1.35,-0.3,0.0001,-0.0,
000023.png,-1.35,-0.3,0.0001,-0.0,
000024.png,-1.35,-0.3,0.0001,-0.0,
000025.png,-1.35,-0.3,0.0001,-0.0,
000026.png,-1.35,-0.3,0.0001,-0.0,
000027.png,-1.35,-0.3,0.0001,-0.0,
000028.png,-1.35,-0.3,0.0001,-0.0,
000029.png,-1.35,-0.3,0.0031,-0.0042,
000030.png,-1.3493,-0.3,0.0031,-0.0367,
000031.png,-1.3475,-0.3001,0.0031,-0.1233,
000032.png,-1.3458,-0.3004,0.0031,-0.2671,
000033.png,-1.3443,-0.301,0.0031,-0.5141,
000034.png,-1.3432,-0.3018,0.0031,-0.7787,
000035.png,-1.3427,-0.3024,0.0031,-1.0877,
000036.png,-1.3425,-0.3029,0.0031,-1.4189,
000037.png,-1.3425,-0.3034,0.0031,-1.7551,
000038.png,-1.3425,-0.3035,0.0031,-2.0833,
000039.png,-1.3423,-0.3033,0.0031,-2.3838,
000040.png,-1.3417,-0.3028,0.0031,-2.6486,
000041.png,-1.3413,-0.3026,0.0031,-2.882,
000042.png,-1.3413,-0.3026,0.0031,-3.0781,
000043.png,-1.3409,-0.3026,0.0031,3.0235,
000044.png,-1.3402,-0.3027,0.0031,2.9271,
000045.png,-1.34,-0.3028,0.0031,2.8937,
000046.png,-1.34,-0.3028,0.0031,2.8644,
000047.png,-1.34,-0.3028,0.0031,2.835,
000048.png,-1.3399,-0.3028,0.0031,2.8049,
000049.png,-1.3391,-0.3031,0.0031,2.765,
000050.png,-1.3384,-0.3034,0.0031,2.7006,
000051.png,-1.3382,-0.3035,0.0031,2.6166,
000052.png,-1.3384,-0.3034,0.0031,2.5205,
000053.png,-1.3387,-0.3031,0.0031,2.389,
000054.png,-1.3398,-0.302,0.0031,2.2639,
000055.png,-1.3433,-0.2972,0.0031,2.1307,
000056.png,-1.3489,-0.2869,0.0031,1.9915,
000057.png,-1.3554,-0.2694,0.0031,1.8494,
000058.png,-1.357,-0.2639,0.0031,1.8144,
000059.png,-1.3574,-0.2624,0.0031,1.8062,
000060.png,-1.3577,-0.2608,0.0031,1.798,
000061.png,-1.3581,-0.2592,0.0031,1.7897,
000062.png,-1.3585,-0.2576,0.0031,1.7818,
000063.png,-1.3594,-0.2531,0.0031,1.778,
000064.png,-1.3616,-0.2427,0.0031,1.7771,
000065.png,-1.3664,-0.22,0.0031,1.7805,
000066.png,-1.3747,-0.1815,0.0031,1.787,
000067.png,-1.3859,-0.1309,0.0031,1.7908,
000068.png,-1.3989,-0.0732,0.0031,1.7957,
000069.png,-1.4129,-0.0128,0.0031,1.8005,
000070.png,-1.4272,0.0484,0.0031,1.8002,
000071.png,-1.4413,0.1089,0.0031,1.7995,
000072.png,-1.4548,0.1669,0.0031,1.7987,
000073.png,-1.4727,0.2441,0.0031,1.7979,
000074.png,-1.4841,0.295,0.0031,1.77,
000075.png,-1.4926,0.3442,0.0031,1.6883,
000076.png,-1.4956,0.3922,0.0031,1.539,
000077.png,-1.4901,0.4409,0.0031,1.3291,
000078.png,-1.4729,0.4901,0.0031,1.0929,
000079.png,-1.4438,0.535,0.0031,0.8491,
000080.png,-1.4058,0.5707,0.0031,0.6138,
000081.png,-1.3613,0.5966,0.0031,0.4027,
000082.png,-1.3131,0.6131,0.0031,0.2258,
000083.png,-1.2529,0.6223,0.0031,0.0591,
000084.png,-1.2014,0.623,0.0031,-0.0525,
000085.png,-1.1493,0.6182,0.0031,-0.148,
000086.png,-1.0974,0.6085,0.0031,-0.2362,
000087.png,-1.0461,0.5943,0.0031,-0.323,
000088.png,-0.9957,0.5754,0.0031,-0.4135,
000089.png,-0.9475,0.5521,0.0031,-0.5056,
000090.png,-0.9022,0.5248,0.0031,-0.6018,
000091.png,-0.8602,0.4935,0.0031,-0.7,
000092.png,-0.8222,0.4586,0.0031,-0.8023,
000093.png,-0.7811,0.4116,0.0031,-0.9264,
000094.png,-0.7515,0.3685,0.0031,-1.03,
000095.png,-0.7263,0.3224,0.0031,-1.134,
000096.png,-0.7063,0.274,0.0031,-1.2424,
000097.png,-0.6916,0.2241,0.0031,-1.3503,
000098.png,-0.6826,0.1737,0.0031,-1.4615,
000099.png,-0.6793,0.1229,0.0031,-1.5718,
000100.png,-0.6816,0.0722,0.0031,-1.6796,
000101.png,-0.6891,0.0219,0.0031,-1.7782,
000102.png,-0.7013,-0.0279,0.0031,-1.8538,
000103.png,-0.7204,-0.0872,0.0031,-1.9174,
000104.png,-0.7371,-0.1325,0.0031,-1.9159,
000105.png,-0.7512,-0.1749,0.0031,-1.8417,
000106.png,-0.761,-0.2194,0.0031,-1.697,
000107.png,-0.7632,-0.2674,0.0031,-1.4884,
000108.png,-0.7537,-0.3198,0.0031,-1.2458,
000109.png,-0.7303,-0.3711,0.0031,-0.9873,
000110.png,-0.6938,-0.4155,0.0031,-0.7232,
000111.png,-0.6471,-0.4486,0.0031,-0.4603,
000112.png,-0.5941,-0.4684,0.0031,-0.2011,
000113.png,-0.5296,-0.4734,0.0031,0.0945,
000114.png,-0.4808,-0.4644,0.0031,0.3093,
000115.png,-0.4363,-0.4467,0.0031,0.4709,
000116.png,-0.3922,-0.4217,0.0031,0.5694,
000117.png,-0.3478,-0.3918,0.0031,0.6134,
000118.png,-0.3021,-0.3595,0.0031,0.6091,
000119.png,-0.2542,-0.3272,0.0031,0.5652,
000120.png,-0.2036,-0.297,0.0031,0.4894,
000121.png,-0.1498,-0.2711,0.0031,0.3862,
000122.png,-0.094,-0.2514,0.0031,0.2618,
000123.png,-0.0131,-0.2368,0.0031,0.0608,
000124.png,0.0446,-0.2373,0.0031,-0.1163,
000125.png,0.1017,-0.2487,0.0031,-0.3238,
000126.png,0.1551,-0.2719,0.0031,-0.5401,
000127.png,0.2027,-0.3064,0.0031,-0.7574,
000128.png,0.2417,-0.3503,0.0031,-0.9708,
000129.png,0.271,-0.4014,0.0031,-1.1667,
000130.png,0.2901,-0.4565,0.0031,-1.3361,
000131.png,0.3003,-0.5134,0.0031,-1.4709,
000132.png,0.3036,-0.5713,0.0031,-1.5727,
000133.png,0.3009,-0.6407,0.0031,-1.6528,
000134.png,0.2959,-0.6956,0.0031,-1.664,
000135.png,0.2915,-0.7504,0.0031,-1.6191,
000136.png,0.2909,-0.8065,0.0031,-1.5193,
000137.png,0.2968,-0.8628,0.0031,-1.3806,
000138.png,0.3113,-0.9187,0.0031,-1.2216,
000139.png,0.3347,-0.9719,0.0031,-1.057,
000140.png,0.3665,-1.0206,0.0031,-0.8936,
000141.png,0.4061,-1.0639,0.0031,-0.7356,
000142.png,0.4522,-1.1008,0.0031,-0.5886,
000143.png,0.5131,-1.1358,0.0031,-0.4312,
000144.png,0.5627,-1.1565,0.0031,-0.3524,
000145.png,0.6121,-1.1741,0.0031,-0.3422,
000146.png,0.6616,-1.1927,0.0031,-0.4012,
000147.png,0.711,-1.2163,0.0031,-0.5202,
000148.png,0.7581,-1.2473,0.0031,-0.6824,
000149.png,0.7999,-1.2867,0.0031,-0.8642,
000150.png,0.8345,-1.3338,0.0031,-1.046,
000151.png,0.8604,-1.3868,0.0031,-1.2204,
000152.png,0.877,-1.4441,0.0031,-1.3883,
000153.png,0.8844,-1.5145,0.0031,-1.5694,
000154.png,0.8817,-1.5725,0.0031,-1.6839,
000155.png,0.8731,-1.6303,0.0031,-1.7667,
000156.png,0.863,-1.6759,0.0082,-1.8216,
000157.png,0.863,-1.6759,0.0083,-1.8213,
000158.png,0.863,-1.676,0.007,-1.8216,
000159.png,0.863,-1.676,0.007,-1.8216,
000160.png,0.863,-1.676,0.007,-1.8216,
000161.png,0.863,-1.676,0.007,-1.8216,
000162.png,0.863,-1.676,0.007,-1.8216,
000163.png,0.863,-1.676,0.007,-1.8216,
000164.png,0.863,-1.676,0.007,-1.8216,
000165.png,0.863,-1.676,0.007,-1.8216,
000166.png,0.863,-1.676,0.007,-1.8216,
000167.png,0.863,-1.676,0.007,-1.8216,
000168.png,0.863,-1.676,0.007,-1.8216,
000169.png,0.863,-1.676,0.007,-1.8216,
000170.png,0.863,-1.676,0.007,-1.8216,
000171.png,0.863,-1.676,0.007,-1.8216,
000172.png,0.863,-1.676,0.007,-1.8216,
000173.png,0.863,-1.676,0.007,-1.8216,
000174.png,0.863,-1.676,0.007,-1.8216,
000175.png,0.863,-1.676,0.007,-1.8216,
000176.png,0.863,-1.676,0.007,-1.8216,
000177.png,0.863,-1.676,0.007,-1.8216,
000178.png,0.863,-1.676,0.007,-1.8216,
000179.png,0.863,-1.676,0.007,-1.8216,
000180.png,0.863,-1.676,0.007,-1.8216,
000181.png,0.863,-1.676,0.007,-1.8216,
000182.png,0.863,-1.676,0.007,-1.8216,
000183.png,0.863,-1.676,0.007,-1.8216,
000184.png,0.863,-1.676,0.007,-1.8216,
000185.png,0.863,-1.676,0.007,-1.8216,
000186.png,0.863,-1.676,0.007,-1.8216,
000187.png,0.863,-1.676,0.007,-1.8216,
000188.png,0.863,-1.676,0.007,-1.8216,
000189.png,0.863,-1.676,0.007,-1.8216,
000190.png,0.863,-1.676,0.007,-1.8216,
000191.png,0.863,-1.676,0.007,-1.8216,
000192.png,0.863,-1.676,0.007,-1.8216,
000193.png,0.863,-1.676,0.007,-1.8216,
000194.png,0.863,-1.676,0.007,-1.8216,
000195.png,0.863,-1.676,0.007,-1.8216,
000196.png,0.863,-1.676,0.007,-1.8216,
000197.png,0.863,-1.676,0.007,-1.8216,
000198.png,0.863,-1.676,0.007,-1.8216,
000199.png,0.863,-1.676,0.007,-1.8216,
000200.png,0.863,-1.676,0.007,-1.8216,
000201.png,0.863,-1.676,0.007,-1.8216,
000202.png,0.863,-1.676,0.007,-1.8216,
000203.png,0.863,-1.676,0.007,-1.8216,
000204.png,0.863,-1.676,0.007,-1.8216,
000205.png,0.863,-1.676,0.007,-1.8216,
000206.png,0.863,-1.676,0.007,-1.8216,
000207.png,0.863,-1.676,0.007,-1.8216,
000208.png,0.863,-1.676,0.007,-1.8216,
000209.png,0.863,-1.676,0.007,-1.8216,
000210.png,0.863,-1.676,0.007,-1.8216,
000211.png,0.863,-1.676,0.007,-1.8216,
000212.png,0.863,-1.676,0.007,-1.8216,
000213.png,0.863,-1.676,0.007,-1.8216,
000214.png,-1.35,-0.3,0.0001,0.0,
000215.png,-1.35,-0.3,0.0001,0.0,
000216.png,-1.35,-0.3,0.0001,0.0,
000217.png,-1.35,-0.3,0.0001,0.0,
000218.png,-1.35,-0.3,0.0001,0.0,
000219.png,-1.35,-0.3,0.0001,0.0,
000220.png,-1.35,-0.3,0.0001,0.0,
000221.png,-1.35,-0.3,0.0001,0.0,
000222.png,-1.35,-0.3,0.0001,0.0,
000223.png,-1.35,-0.3,0.0001,0.0,
000224.png,-1.35,-0.3,0.0001,0.0,
000225.png,-1.35,-0.3,0.0001,0.0,
000226.png,-1.35,-0.3,0.0001,0.0,
000227.png,-1.35,-0.3,0.0001,0.0,
000228.png,-1.3499,-0.3,0.0031,0.0,
000229.png,-1.3466,-0.3,0.0031,-0.0047,
000230.png,-1.3346,-0.3001,0.0031,-0.0114,
000231.png,-1.3134,-0.3004,0.0031,-0.0198,
000232.png,-1.2835,-0.3011,0.0031,-0.0274,
000233.png,-1.2473,-0.3022,0.0031,-0.036,
000234.png,-1.2074,-0.3037,0.0031,-0.0418,
000235.png,-1.1663,-0.3056,0.0031,-0.0452,
000236.png,-1.1254,-0.3074,0.0031,-0.0456,
000237.png,-1.0768,-0.3095,0.0031,-0.0407,
000238.png,-1.0371,-0.3111,0.0031,-0.0352,
000239.png,-0.9985,-0.3124,0.0031,-0.0327,
000240.png,-0.9609,-0.3136,0.0031,-0.0326,
000241.png,-0.9242,-0.3148,0.0031,-0.0337,
000242.png,-0.8877,-0.3161,0.0031,-0.0348,
000243.png,-0.8491,-0.3174,0.0031,-0.0337,
000244.png,-0.8076,-0.3188,0.0031,-0.0334,
000245.png,-0.7647,-0.3202,0.0031,-0.0352,
000246.png,-0.7208,-0.3218,0.0031,-0.038,
000247.png,-0.667,-0.324,0.0031,-0.0419,
000248.png,-0.6185,-0.3261,0.0031,-0.0437,
000249.png,-0.5647,-0.3284,0.0031,-0.0437,
000250.png,-0.5076,-0.3309,0.0031,-0.041,
000251.png,-0.449,-0.3332,0.0031,-0.0369,
000252.png,-0.3903,-0.3352,0.0031,-0.0335,
000253.png,-0.3322,-0.3372,0.0031,-0.0325,
000254.png,-0.2737,-0.339,0.0031,-0.0298,
000255.png,-0.2144,-0.3407,0.0031,-0.0267,
000256.png,-0.1553,-0.3423,0.0031,-0.0281,
000257.png,-0.0845,-0.3444,0.0031,-0.0308,
000258.png,-0.0257,-0.3462,0.0031,-0.0313,
000259.png,0.0324,-0.348,0.0031,-0.0287,
000260.png,0.0901,-0.3495,0.0031,-0.0239,
000261.png,0.1473,-0.3508,0.0031,-0.0214,
000262.png,0.2046,-0.352,0.0031,-0.0195,
000263.png,0.2621,-0.3532,0.0031,-0.0205,
000264.png,0.3205,-0.3544,0.0031,-0.0214,
000265.png,0.3795,-0.3556,0.0031,-0.02,
000266.png,0.4386,-0.3567,0.0031,-0.0171,
000267.png,0.5206,-0.3579,0.0031,-0.009,
000268.png,0.5789,-0.3582,0.0031,-0.0012,
000269.png,0.6366,-0.3581,0.0031,0.0056,
000270.png,0.6938,-0.3577,0.0031,0.0109,
000271.png,0.7508,-0.3569,0.0031,0.0162,
000272.png,0.8076,-0.3559,0.0031,0.0217,
000273.png,0.8643,-0.3546,0.0031,0.0246,
000274.png,0.9212,-0.3532,0.0031,0.0235,
000275.png,0.9788,-0.3519,0.0031,0.022,
000276.png,1.049,-0.3503,0.0031,0.0199,
000277.png,1.1078,-0.3493,0.0031,0.0148,
000278.png,1.1669,-0.3485,0.0031,0.0114,
000279.png,1.2264,-0.3478,0.0031,0.01,
000280.png,1.286,-0.3473,0.0031,0.0074,
000281.png,1.3457,-0.3467,0.0031,0.0154,
000282.png,1.405,-0.3453,0.0031,0.0399,
000283.png,1.4645,-0.3422,0.0031,0.0722,
000284.png,1.5242,-0.3369,0.0031,0.1124,
000285.png,1.5828,-0.3292,0.0031,0.1616,
000286.png,1.6405,-0.3183,0.0031,0.2296,
000287.png,1.6423,-0.3179,0.0031,0.2389,
000288.png,1.6438,-0.3175,0.0031,0.2467,
000289.png,1.6453,-0.3172,0.0031,0.2545,
000290.png,1.6467,-0.3168,0.0031,0.2623,
000291.png,1.6482,-0.3164,0.0031,0.2701,
000292.png,1.6497,-0.316,0.0031,0.2778,
000293.png,1.6512,-0.3155,0.0031,0.2856,
000294.png,1.6526,-0.3151,0.0031,0.2934,
000295.png,1.6541,-0.3146,0.0031,0.3012,
000296.png,1.6561,-0.314,0.0031,0.3121,
000297.png,1.6576,-0.3135,0.0031,0.3199,
000298.png,1.659,-0.313,0.0031,0.3277,
000299.png,1.6605,-0.3125,0.0031,0.3355,
000300.png,1.6619,-0.312,0.0031,0.3433,
000301.png,1.6629,-0.3117,0.0031,0.3487,
000302.png,1.6635,-0.3115,0.0031,0.3518,
000303.png,1.6634,-0.3115,0.0031,0.3522,
000304.png,1.662,-0.312,0.0031,0.3517,
000305.png,1.6577,-0.3136,0.0031,0.3503,
000306.png,1.6498,-0.3165,0.0031,0.3499,
000307.png,1.6393,-0.3203,0.0031,0.3496,
000308.png,1.6195,-0.3275,0.0031,0.3485,
000309.png,1.5865,-0.3395,0.0031,0.345,
000310.png,1.542,-0.3554,0.0031,0.341,
000311.png,1.4902,-0.3736,0.0031,0.3356,
000312.png,1.4352,-0.3927,0.0031,0.332,
000313.png,1.3798,-0.4118,0.0031,0.3305,
000314.png,1.3255,-0.4304,0.0031,0.3309,
000315.png,1.2732,-0.4485,0.0031,0.3342,
000316.png,1.2328,-0.4625,0.0031,0.3333,
000317.png,1.232,-0.4627,0.0031,0.3349,
000318.png,1.2312,-0.463,0.0031,0.3366,
000319.png,1.2304,-0.4633,0.0031,0.3382,
000320.png,1.2295,-0.4636,0.0031,0.3399,
000321.png,1.2287,-0.4639,0.0031,0.3415,
000322.png,1.2279,-0.4642,0.0031,0.3432,
000323.png,1.2271,-0.4645,0.0031,0.3448,
000324.png,1.2263,-0.4648,0.0031,0.3465,
000325.png,1.2254,-0.4651,0.0031,0.3481,
000326.png,1.2243,-0.4655,0.0031,0.3504,
000327.png,1.2235,-0.4658,0.0031,0.3524,
000328.png,1.2235,-0.4658,0.0031,0.3585,
000329.png,1.2257,-0.4649,0.0031,0.383,
000330.png,1.2289,-0.4635,0.0031,0.4408,
000331.png,1.2326,-0.4616,0.0031,0.5376,
000332.png,1.2355,-0.4597,0.0031,0.6761,
000333.png,1.238,-0.4574,0.0031,0.8505,
000334.png,1.2393,-0.4557,0.0031,1.051,
000335.png,1.2396,-0.4551,0.0031,1.2635,
000336.png,1.2398,-0.4545,0.0031,1.5102,
000337.png,1.2398,-0.4539,0.0031,1.616,
000338.png,1.2399,-0.4555,0.0031,1.637,
000339.png,1.2399,-0.4559,0.0031,1.6289,
000340.png,1.2399,-0.4558,0.0031,1.5896,
000341.png,1.2399,-0.4554,0.0031,1.5059,
000342.png,1.24,-0.4548,0.0031,1.3742,
000343.png,1.24,-0.4546,0.0031,1.1978,
000344.png,1.24,-0.4547,0.0031,0.9865,
000345.png,1.24,-0.4547,0.0031,0.7526,
000346.png,1.2403,-0.4545,0.0031,0.4611,
000347.png,1.2407,-0.4543,0.0031,0.3795,
000348.png,1.2407,-0.4543,0.0031,0.3795,
000349.png,1.2407,-0.4543,0.0031,0.3795,
000350.png,1.2407,-0.4543,0.0031,0.3795,
000351.png,1.2407,-0.4543,0.0031,0.3795,
000352.png,1.2407,-0.4543,0.0031,0.3795,
000353.png,1.2407,-0.4543,0.0031,0.3795,
000354.png,1.2407,-0.4543,0.0031,0.3795,
000355.png,1.2407,-0.4543,0.0031,0.3795,
000356.png,1.2407,-0.4543,0.0031,0.3795,
000357.png,1.2407,-0.4543,0.0031,0.3795,
000358.png,1.2407,-0.4543,0.0031,0.3795,
000359.png,1.2407,-0.4543,0.0031,0.3795,
000360.png,1.2407,-0.4543,0.0031,0.3795,
000361.png,1.2407,-0.4543,0.0031,0.3795,
000362.png,1.2407,-0.4543,0.0031,0.3795,
000363.png,1.2407,-0.4543,0.0031,0.3795,
000364.png,1.2407,-0.4543,0.0031,0.3795,
000365.png,1.2407,-0.4543,0.0031,0.3795,
000366.png,1.2407,-0.4543,0.0031,0.3795,
000367.png,1.2407,-0.4543,0.0031,0.3795,
000368.png,1.2407,-0.4543,0.0031,0.3795,
000369.png,1.2407,-0.4543,0.0031,0.3795,
000370.png,1.2407,-0.4543,0.0031,0.3795,
000371.png,1.2407,-0.4543,0.0031,0.3795,
000372.png,1.2407,-0.4543,0.0031,0.3795,
000373.png,1.2407,-0.4543,0.0031,0.3795,
000374.png,1.2407,-0.4543,0.0031,0.3795,
000375.png,1.2407,-0.4543,0.0031,0.3795,
000376.png,1.2408,-0.4543,0.0031,0.3795,
000377.png,1.2448,-0.4527,0.0031,0.3797,
000378.png,1.2599,-0.4466,0.0031,0.3785,
000379.png,1.2897,-0.4348,0.0031,0.3757,
000380.png,1.3305,-0.4188,0.0031,0.3743,
000381.png,1.3776,-0.4003,0.0031,0.3728,
000382.png,1.4278,-0.3807,0.0031,0.3732,
000383.png,1.4793,-0.3604,0.0031,0.3772,
000384.png,1.532,-0.3395,0.0031,0.3795,
000385.png,1.5869,-0.3175,0.0031,0.3804,
000386.png,1.6327,-0.2993,0.0031,0.3778,
000387.png,1.6328,-0.2993,0.0031,0.3783,
000388.png,1.6328,-0.2992,0.0031,0.3787,
000389.png,1.6329,-0.2992,0.0031,0.3792,
000390.png,1.633,-0.2992,0.0031,0.3796,
000391.png,1.6331,-0.2991,0.0031,0.38,
000392.png,1.6332,-0.2991,0.0031,0.3805,
000393.png,1.6332,-0.2991,0.0031,0.3809,
000394.png,1.6333,-0.299,0.0031,0.3814,
000395.png,1.6334,-0.299,0.0031,0.3818,
000396.png,1.6335,-0.299,0.0031,0.3824,
000397.png,1.6333,-0.299,0.0031,0.3818,
000398.png,1.6282,-0.3011,0.0031,0.3806,
000399.png,1.6113,-0.3078,0.0031,0.379,
000400.png,1.5804,-0.3201,0.0031,0.3753,
000401.png,1.5372,-0.337,0.0031,0.3732,
000402.png,1.4842,-0.3578,0.0031,0.3722,
000403.png,1.4247,-0.381,0.0031,0.3737,
000404.png,1.3634,-0.4052,0.0031,0.3787,
000405.png,1.3028,-0.4294,0.0031,0.382,
000406.png,1.2895,-0.4347,0.0031,0.3826,
000407.png,1.2883,-0.4352,0.0031,0.3826,
000408.png,1.2871,-0.4357,0.0031,0.3826,
000409.png,1.2859,-0.4362,0.0031,0.3825,
000410.png,1.2847,-0.4367,0.0031,0.3825,
000411.png,1.2835,-0.4372,0.0031,0.3825,
000412.png,1.2823,-0.4377,0.0031,0.3825,
000413.png,1.2811,-0.4381,0.0031,0.3825,
000414.png,1.2799,-0.4386,0.0031,0.3825,
000415.png,1.2787,-0.4391,0.0031,0.3824,
000416.png,1.2772,-0.4397,0.0031,0.3824,
000417.png,1.277,-0.4398,0.0031,0.3876,
000418.png,1.2799,-0.4385,0.0031,0.4189,
000419.png,1.2846,-0.4363,0.0031,0.5098,
000420.png,1.2901,-0.4327,0.0031,0.6868,
000421.png,1.2946,-0.4283,0.0031,0.9434,
000422.png,1.297,-0.424,0.0031,1.2511,
000423.png,1.2976,-0.421,0.0031,1.5862,
000424.png,1.2974,-0.4192,0.0031,1.9332,
000425.png,1.2968,-0.4182,0.0031,2.2745,
000426.png,1.2963,-0.4177,0.0031,2.6513,
000427.png,1.2961,-0.4176,0.0031,2.8423,
000428.png,1.2962,-0.4176,0.0031,2.8761,
000429.png,1.2965,-0.4177,0.0031,2.8664,
000430.png,1.2975,-0.418,0.0031,2.8435,
000431.png,1.2995,-0.4187,0.0031,2.8108,
000432.png,1.301,-0.4192,0.0031,2.762,
000433.png,1.302,-0.4196,0.0031,2.6981,
000434.png,1.3025,-0.4199,0.0031,2.6255,
000435.png,1.3024,-0.4198,0.0031,2.5401,
000436.png,1.3019,-0.4194,0.0031,2.4053,
000437.png,1.301,-0.4185,0.0031,2.2572,
000438.png,1.3001,-0.4172,0.0031,2.0799,
000439.png,1.2996,-0.4161,0.0031,1.8889,
000440.png,1.2992,-0.4147,0.0031,1.6927,
000441.png,1.2992,-0.4136,0.0031,1.498,
000442.png,1.2993,-0.4129,0.0031,1.3073,
000443.png,1.2996,-0.4122,0.0031,1.1229,
000444.png,1.3009,-0.4099,0.0031,0.9534,
000445.png,1.3042,-0.4058,0.0031,0.8061,
000446.png,1.3113,-0.3994,0.0031,0.657,
000447.png,1.3165,-0.3957,0.0031,0.6093,
000448.png,1.3229,-0.3912,0.0031,0.6052,
000449.png,1.334,-0.3833,0.0031,0.6447,
000450.png,1.352,-0.3688,0.0031,0.7324,
000451.png,1.374,-0.3468,0.0031,0.8617,
000452.png,1.3969,-0.3163,0.0031,1.0267,
000453.png,1.4154,-0.2796,0.0031,1.2292,
000454.png,1.4259,-0.2386,0.0031,1.461,
000455.png,1.4263,-0.1966,0.0031,1.7209,
000456.png,1.4124,-0.1501,0.0031,2.0512,
000457.png,1.3897,-0.1153,0.0031,2.2957,
000458.png,1.3616,-0.0888,0.0031,2.5217,
000459.png,1.331,-0.0706,0.0031,2.727,
000460.png,1.299,-0.0591,0.0031,2.8928,
000461.png,1.2663,-0.0526,0.0031,3.0163,
000462.png,1.2321,-0.0496,0.0031,3.102,
000463.png,1.1959,-0.049,0.0031,-3.1287,
000464.png,1.1576,-0.0501,0.0031,-3.0938,
000465.png,1.1097,-0.053,0.0031,-3.0637,
000466.png,1.0684,-0.0565,0.0031,-3.0479,
000467.png,1.027,-0.0603,0.0031,-3.0612,
000468.png,0.986,-0.063,0.0031,-3.1059,
000469.png,0.9448,-0.0633,0.0031,3.1017,
000470.png,0.9036,-0.0601,0.0031,3.003,
000471.png,0.863,-0.0526,0.0031,2.8916,
000472.png,0.8223,-0.04,0.0031,2.7648,
000473.png,0.783,-0.0218,0.0031,2.6206,
000474.png,0.7468,0.002,0.0031,2.4677,
000475.png,0.7092,0.0371,0.0031,2.2841,
000476.png,0.6789,0.0775,0.0031,2.1259,
000477.png,0.6586,0.1132,0.0031,2.0372,
000478.png,0.6409,0.1505,0.0031,1.9796,
000479.png,0.6253,0.1885,0.0031,1.9381,
000480.png,0.6111,0.227,0.0031,1.9028,
000481.png,0.5981,0.2666,0.0031,1.868,
000482.png,0.5864,0.3068,0.0031,1.8324,
000483.png,0.5761,0.3478,0.0031,1.7929,
000484.png,0.5675,0.3892,0.0031,1.7493,
000485.png,0.5596,0.4394,0.0031,1.6954,
000486.png,0.5551,0.48,0.0031,1.6654,
000487.png,0.5514,0.5171,0.0031,1.6852,
000488.png,0.5461,0.5541,0.0031,1.7656,
000489.png,0.5368,0.5915,0.0031,1.9009,
000490.png,0.5212,0.6285,0.0031,2.076,
000491.png,0.4974,0.6646,0.0031,2.2673,
000492.png,0.4661,0.6965,0.0031,2.4663,
000493.png,0.4289,0.7217,0.0031,2.6664,
000494.png,0.3878,0.7389,0.0031,2.8643,
000495.png,0.3358,0.7483,0.0031,3.0994,
000496.png,0.296,0.7472,0.0031,-3.0105,
000497.png,0.2651,0.7416,0.0031,-2.8975,
000498.png,0.2386,0.7344,0.0031,-2.8557,
000499.png,0.211,0.7265,0.0031,-2.8874,
000500.png,0.1797,0.7195,0.0031,-2.9865,
000501.png,0.1438,0.7161,0.0031,-3.1385,
000502.png,0.1028,0.7189,0.0031,2.9647,
000503.png,0.0602,0.73,0.0031,2.77,
000504.png,0.0199,0.7495,0.0031,2.571,
000505.png,-0.0219,0.7826,0.0031,2.3343,
000506.png,-0.0474,0.8132,0.0031,2.163,
000507.png,-0.0671,0.8464,0.0031,2.0359,
000508.png,-0.0849,0.8849,0.0031,1.9643,
000509.png,-0.1031,0.9303,0.0031,1.9503,
000510.png,-0.124,0.9809,0.0031,1.9902,
000511.png,-0.1498,1.034,0.0031,2.0794,
000512.png,-0.1823,1.0861,0.0031,2.2094,
000513.png,-0.2223,1.1336,0.0031,2.3658,
000514.png,-0.2694,1.174,0.0031,2.5344,
000515.png,-0.3333,1.2108,0.0031,2.7362,
000516.png,-0.3903,1.2311,0.0031,2.8872,
000517.png,-0.4487,1.2432,0.0031,3.0047,
000518.png,-0.5074,1.2493,0.0031,3.0818,
000519.png,-0.5655,1.2517,0.0031,3.1173,
000520.png,-0.6235,1.2531,0.0031,3.1137,
000521.png,-0.6809,1.2552,0.0031,3.0868,
000522.png,-0.738,1.2591,0.0031,3.0525,
000523.png,-0.7952,1.2651,0.0031,3.0151,
000524.png,-0.8527,1.2733,0.0031,2.9786,
000525.png,-0.9228,1.2859,0.0031,2.9456,
000526.png,-0.9812,1.2979,0.0031,2.9344,
000527.png,-1.0383,1.3093,0.0031,2.9681,
000528.png,-1.0945,1.3175,0.0031,3.0476,
000529.png,-1.1482,1.3202,0.0031,-3.1147,
000530.png,-1.1976,1.3159,0.0031,-2.9568,
000531.png,-1.2398,1.3049,0.0031,-2.7748,
000532.png,-1.2782,1.2868,0.0031,-2.5876,
000533.png,-1.31,1.2635,0.0031,-2.3865,
000534.png,-1.3343,1.2365,0.0031,-2.1717,
000535.png,-1.3514,1.2045,0.0031,-1.8824,
000536.png,-1.3558,1.1847,0.0031,-1.6181,
000537.png,-1.3552,1.1732,0.0031,-1.3543,
000538.png,-1.3533,1.1672,0.0031,-1.103,
000539.png,-1.3513,1.1639,0.0031,-0.8771,
000540.png,-1.3487,1.1613,0.0031,-0.6828,
000541.png,-1.3459,1.1593,0.0031,-0.5211,
000542.png,-1.3419,1.1573,0.0031,-0.3929,
000543.png,-1.3362,1.1552,0.0031,-0.295,
000544.png,-1.3302,1.1536,0.0031,-0.2299,
000545.png,-1.325,1.1525,0.0031,-0.1675,
000546.png,-1.3248,1.1524,0.0031,-0.1375,
000547.png,-1.3251,1.1525,0.0031,-0.1472,
000548.png,-1.3245,1.1524,0.0031,-0.2148,
000549.png,-1.3232,1.152,0.0031,-0.365,
000550.png,-1.3197,1.1502,0.0031,-0.5962,
000551.png,-1.3152,1.1463,0.0031,-0.8853,
000552.png,-1.3109,1.1392,0.0031,-1.2127,
000553.png,-1.3087,1.1294,0.0031,-1.5573,
000554.png,-1.31,1.1192,0.0031,-1.8999,
000555.png,-1.3155,1.1089,0.0031,-2.3009,
000556.png,-1.3236,1.102,0.0031,-2.6113,
000557.png,-1.3271,1.1001,0.0031,-2.6976,
000558.png,-1.3254,1.1009,0.0031,-2.7033,
000559.png,-1.3229,1.1021,0.0031,-2.6814,
000560.png,-1.3203,1.1035,0.0031,-2.6264,
000561.png,-1.3187,1.1044,0.0031,-2.5301,
000562.png,-1.3181,1.1049,0.0031,-2.3962,
000563.png,-1.3179,1.1051,0.0031,-2.2265,
000564.png,-1.3175,1.1057,0.0031,-2.0268,
000565.png,-1.3173,1.1062,0.0031,-1.7504,
000566.png,-1.3176,1.0997,0.0031,-1.5291,
000567.png,-1.3148,1.0772,0.0031,-1.3563,
000568.png,-1.3063,1.0475,0.0031,-1.2049,
000569.png,-1.2912,1.0137,0.0031,-1.0745,
000570.png,-1.2684,0.9758,0.0031,-0.978,
000571.png,-1.2384,0.9336,0.0031,-0.923,
000572.png,-1.2027,0.8873,0.0031,-0.9094,
000573.png,-1.1645,0.8375,0.0031,-0.9346,
000574.png,-1.1275,0.7851,0.0031,-0.9965,
000575.png,-1.0834,0.7081,0.0031,-1.1389,
000576.png,-1.0633,0.6559,0.0031,-1.3201,
000577.png,-1.055,0.6025,0.0031,-1.5636,
000578.png,-1.0613,0.5425,0.0031,-1.8427,
000579.png,-1.086,0.4828,0.0031,-2.144,
000580.png,-1.1281,0.4325,0.0031,-2.4569,
000581.png,-1.1838,0.3977,0.0031,-2.7753,
000582.png,-1.2455,0.3826,0.0031,-3.0946,
000583.png,-1.3061,0.3873,0.0031,2.8808,
000584.png,-1.3595,0.4084,0.0031,2.5902,
000585.png,-1.3865,0.4272,0.0031,2.4241,
000586.png,-1.387,0.4277,0.0031,2.4202,
000587.png,-1.3876,0.4282,0.0031,2.4162,
000588.png,-1.3882,0.4287,0.0031,2.4123,
000589.png,-1.35,-0.3,0.0001,-0.0,
000590.png,-1.35,-0.3,0.0001,-0.0,
000591.png,-1.35,-0.3,0.0001,-0.0,
000592.png,-1.35,-0.3,0.0001,-0.0,
000593.png,-1.35,-0.3,0.0001,-0.0,
000594.png,-1.35,-0.3,0.0001,-0.0,
000595.png,-1.35,-0.3,0.0001,-0.0,
000596.png,-1.35,-0.3,0.0001,-0.0,
000597.png,-1.35,-0.3,0.0001,-0.0,
000598.png,-1.35,-0.3,0.0001,-0.0,
000599.png,-1.3475,-0.3,0.0031,-0.0012,
000600.png,-1.3319,-0.3,0.0031,-0.0038,
000601.png,-1.3058,-0.3002,0.0031,-0.0089,
000602.png,-1.2659,-0.3007,0.0031,-0.0173,
000603.png,-1.2141,-0.3018,0.0031,-0.0267,
000604.png,-1.1539,-0.3036,0.0031,-0.0329,
000605.png,-1.089,-0.3058,0.0031,-0.0369,
000606.png,-1.0223,-0.3084,0.0031,-0.0414,
000607.png,-0.9561,-0.3112,0.0031,-0.0442,
000608.png,-0.891,-0.3142,0.0031,-0.0482,
000609.png,-0.8274,-0.3173,0.0031,-0.0504,
000610.png,-0.7536,-0.3211,0.0031,-0.0508,
000611.png,-0.6939,-0.3241,0.0031,-0.0495,
000612.png,-0.6346,-0.3269,0.0031,-0.0442,
000613.png,-0.5757,-0.3294,0.0031,-0.0383,
000614.png,-0.5172,-0.3316,0.0031,-0.0358,
000615.png,-0.4589,-0.3337,0.0031,-0.036,
000616.png,-0.401,-0.3358,0.0031,-0.0373,
000617.png,-0.343,-0.338,0.0031,-0.0387,
000618.png,-0.2848,-0.3402,0.0031,-0.038,
000619.png,-0.2263,-0.3424,0.0031,-0.0381,
000620.png,-0.1566,-0.3451,0.0031,-0.0404,
000621.png,-0.0986,-0.3475,0.0031,-0.0432,
000622.png,-0.0403,-0.3501,0.0031,-0.046,
000623.png,0.0179,-0.3529,0.0031,-0.0477,
000624.png,0.0764,-0.3557,0.0031,-0.0479,
000625.png,0.1348,-0.3584,0.0031,-0.0453,
000626.png,0.1931,-0.361,0.0031,-0.0412,
000627.png,0.251,-0.3633,0.0031,-0.0377,
000628.png,0.3085,-0.3654,0.0031,-0.0365,
000629.png,0.3665,-0.3675,0.0031,-0.0338,
000630.png,0.4366,-0.3697,0.0031,-0.0305,
000631.png,0.4946,-0.3715,0.0031,-0.0325,
000632.png,0.5527,-0.3735,0.0031,-0.0345,
000633.png,0.6107,-0.3755,0.0031,-0.0352,
000634.png,0.6683,-0.3775,0.0031,-0.0326,
000635.png,0.7257,-0.3792,0.0031,-0.0277,
000636.png,0.7826,-0.3807,0.0031,-0.0251,
000637.png,0.8399,-0.3821,0.0031,-0.0231,
000638.png,0.8974,-0.3835,0.0031,-0.0242,
000639.png,0.9558,-0.3849,0.0031,-0.0251,
000640.png,1.0267,-0.3867,0.0031,-0.0233,
000641.png,1.0848,-0.3878,0.0031,-0.0062,
000642.png,1.1418,-0.3869,0.0031,0.0576,
000643.png,1.1988,-0.3811,0.0031,0.181,
000644.png,1.2535,-0.3673,0.0031,0.3616,
000645.png,1.3036,-0.3429,0.0031,0.5988,
000646.png,1.3475,-0.3056,0.0031,0.8631,
000647.png,1.3803,-0.2577,0.0031,1.1304,
000648.png,1.3992,-0.2042,0.0031,1.3745,
000649.png,1.4056,-0.1482,0.0031,1.5736,
000650.png,1.4001,-0.0801,0.0031,1.7441,
000651.png,1.3884,-0.0249,0.0031,1.8164,
000652.png,1.3746,0.0298,0.0031,1.8068,
000653.png,1.3627,0.0856,0.0031,1.7287,
000654.png,1.3564,0.1432,0.0031,1.5939,
000655.png,1.3593,0.2015,0.0031,1.4071,
000656.png,1.3736,0.2585,0.0031,1.2044,
000657.png,1.3983,0.3112,0.0031,1.0287,
000658.png,1.431,0.3593,0.0031,0.9061,
000659.png,1.4688,0.4048,0.0031,0.8508,
000660.png,1.5156,0.458,0.0031,0.8587,
000661.png,1.553,0.5031,0.0031,0.9168,
000662.png,1.5866,0.5506,0.0031,1.0205,
000663.png,1.6141,0.6015,0.0031,1.1685,
000664.png,1.6326,0.6553,0.0031,1.35,
000665.png,1.6407,0.7114,0.0031,1.5465,
000666.png,1.639,0.7573,0.0031,1.7056,
000667.png,1.6388,0.7587,0.0031,1.7128,
000668.png,1.6386,0.7601,0.0031,1.72,
000669.png,1.6384,0.7615,0.0031,1.7272,
000670.png,1.6381,0.7638,0.0031,1.7301,
000671.png,1.638,0.7639,0.0031,1.7292,
000672.png,1.638,0.7641,0.0031,1.7284,
000673.png,1.638,0.7643,0.0031,1.7275,
000674.png,1.638,0.7644,0.0031,1.7266,
000675.png,1.6379,0.7647,0.0031,1.7263,
000676.png,1.6378,0.7654,0.0031,1.7283,
000677.png,1.6378,0.7654,0.0031,1.7283,
000678.png,1.6378,0.7654,0.0031,1.7283,
000679.png,1.6378,0.7654,0.0031,1.7283,
000680.png,1.6378,0.7654,0.0031,1.7283,
000681.png,1.6378,0.7654,0.0031,1.7283,
000682.png,1.6373,0.7685,0.0031,1.7365,
000683.png,1.6353,0.7796,0.0031,1.77,
000684.png,1.6305,0.8006,0.0031,1.8304,
000685.png,1.6211,0.8313,0.0031,1.9326,
000686.png,1.6046,0.8681,0.0031,2.0832,
000687.png,1.5786,0.9072,0.0031,2.2747,
000688.png,1.5427,0.9428,0.0031,2.4898,
000689.png,1.4987,0.9705,0.0031,2.7147,
000690.png,1.4397,0.9898,0.0031,2.9773,
000691.png,1.3929,0.9943,0.0031,3.1323,
000692.png,1.3511,0.9933,0.0031,-3.083,
000693.png,1.3106,0.991,0.0031,-3.0995,
000694.png,1.2698,0.9906,0.0031,3.0782,
000695.png,1.2272,0.9965,0.0031,2.8915,
000696.png,1.1803,1.0131,0.0031,2.6658,
000697.png,1.1369,1.0409,0.0031,2.4293,
000698.png,1.1029,1.076,0.0031,2.2075,
000699.png,1.0795,1.1136,0.0031,2.0099,
000700.png,1.0619,1.1612,0.0031,1.8152,
000701.png,1.0537,1.2025,0.0031,1.7062,
000702.png,1.0489,1.2453,0.0031,1.6569,
000703.png,1.0453,1.2888,0.0031,1.6541,
000704.png,1.0412,1.3336,0.0031,1.6796,
000705.png,1.0355,1.3792,0.0031,1.7208,
000706.png,1.0277,1.4249,0.0031,1.7653,
000707.png,1.0179,1.471,0.0031,1.8056,
000708.png,1.0062,1.5167,0.0031,1.8397,
000709.png,0.9931,1.5626,0.0031,1.8651,
000710.png,0.979,1.6076,0.0031,1.8868,
000711.png,0.9789,1.6078,0.0031,1.8879,
000712.png,0.9789,1.608,0.0031,1.889,
000713.png,0.9788,1.6082,0.0031,1.8902,
000714.png,0.9787,1.6084,0.0031,1.8913,
000715.png,0.979,1.6076,0.0031,1.8931,
000716.png,0.9811,1.6014,0.0031,1.894,
000717.png,0.9858,1.5874,0.0031,1.8972,
000718.png,0.9937,1.5641,0.0031,1.9006,
000719.png,1.0055,1.5299,0.0031,1.9054,
000720.png,1.0258,1.4722,0.0031,1.9115,
000721.png,1.0462,1.4147,0.0031,1.9138,
000722.png,1.0683,1.353,0.0031,1.914,
000723.png,1.0908,1.2899,0.0031,1.9118,
000724.png,1.1131,1.2272,0.0031,1.9199,
000725.png,1.1359,1.167,0.0031,1.9646,
000726.png,1.1618,1.1104,0.0031,2.0649,
000727.png,1.1935,1.0587,0.0031,2.2131,
000728.png,1.2326,1.0134,0.0031,2.3917,
000729.png,1.2788,0.9766,0.0031,2.5889,
000730.png,1.3305,0.9504,0.0031,2.8016,
000731.png,1.3326,0.9497,0.0031,2.8128,
000732.png,1.3348,0.9489,0.0031,2.8242,
000733.png,1.3368,0.9483,0.0031,2.8353,
000734.png,1.3375,0.9481,0.0031,2.8375,
000735.png,1.3371,0.9482,0.0031,2.8221,
000736.png,1.3355,0.9487,0.0031,2.7636,
000737.png,1.3337,0.9496,0.0031,2.6578,
000738.png,1.3301,0.9518,0.0031,2.522,
000739.png,1.3216,0.9587,0.0031,2.3717,
000740.png,1.3084,0.9739,0.0031,2.1717,
000741.png,1.2983,0.9907,0.0031,2.0326,
000742.png,1.2918,1.0054,0.0031,1.9218,
000743.png,1.2876,1.0181,0.0031,1.8448,
000744.png,1.2839,1.0324,0.0031,1.8085,
000745.png,1.2789,1.0529,0.0031,1.8231,
000746.png,1.2708,1.0815,0.0031,1.8946,
000747.png,1.2568,1.117,0.0031,2.0289,
000748.png,1.2335,1.1562,0.0031,2.2272,
000749.png,1.1962,1.1959,0.0031,2.476,
000750.png,1.1315,1.233,0.0031,2.8225,
000751.png,1.0665,1.2459,0.0031,3.1324,
000752.png,0.9995,1.238,0.0031,-2.8354,
000753.png,0.9398,1.2107,0.0031,-2.529,
000754.png,0.8936,1.1695,0.0031,-2.2415,
000755.png,0.8623,1.1202,0.0031,-1.9837,
000756.png,0.8444,1.0667,0.0031,-1.7671,
000757.png,0.8374,1.0109,0.0031,-1.5971,
000758.png,0.839,0.9547,0.0031,-1.4683,
000759.png,0.8469,0.8986,0.0031,-1.3828,
000760.png,0.8611,0.8315,0.0031,-1.3493,
000761.png,0.8724,0.7789,0.0031,-1.3965,
000762.png,0.878,0.733,0.0031,-1.5471,
000763.png,0.875,0.685,0.0031,-1.7634,
000764.png,0.8589,0.6317,0.0031,-2.0187,
000765.png,0.8266,0.5802,0.0031,-2.3001,
000766.png,0.7796,0.5386,0.0031,-2.5919,
000767.png,0.7225,0.5122,0.0031,-2.8839,
000768.png,0.6614,0.5034,0.0031,3.1129,
000769.png,0.6009,0.5121,0.0031,2.8298,
000770.png,0.5362,0.5434,0.0031,2.4966,
000771.png,0.4934,0.5835,0.0031,2.2265,
000772.png,0.4638,0.6316,0.0031,1.967,
000773.png,0.4482,0.6823,0.0031,1.7263,
000774.png,0.4445,0.7322,0.0031,1.5304,
000775.png,0.4496,0.7824,0.0031,1.3906,
000776.png,0.4608,0.8328,0.0031,1.3039,
000777.png,0.4758,0.884,0.0031,1.2671,
000778.png,0.4923,0.9363,0.0031,1.2707,
000779.png,0.508,0.9895,0.0031,1.3174,
000780.png,0.5217,1.0559,0.0031,1.4472,
000781.png,0.5256,1.1146,0.0031,1.5979,
000782.png,0.52,1.1737,0.0031,1.7673,
000783.png,0.5045,1.2307,0.0031,1.9363,
000784.png,0.48,1.284,0.0031,2.1014,
000785.png,0.4473,1.3324,0.0031,2.2579,
000786.png,0.4075,1.3754,0.0031,2.4049,
000787.png,0.3612,1.4129,0.0031,2.5424,
000788.png,0.3111,1.4435,0.0031,2.6695,
000789.png,0.2573,1.4677,0.0031,2.7917,
000790.png,0.1902,1.4877,0.0031,2.9357,
000791.png,0.1324,1.4968,0.0031,3.0575,
000792.png,0.0731,1.499,0.0031,-3.1072,
000793.png,0.0142,1.4942,0.0031,-2.992,
000794.png,-0.0433,1.4828,0.0031,-2.8757,
000795.png,-0.0989,1.4648,0.0031,-2.7577,
000796.png,-0.1525,1.4402,0.0031,-2.6436,
000797.png,-0.2032,1.4099,0.0031,-2.5447,
000798.png,-0.2508,1.3752,0.0031,-2.468,
000799.png,-0.2956,1.3378,0.0031,-2.4185,
000800.png,-0.3476,1.291,0.0031,-2.404,
000801.png,-0.3895,1.254,0.0031,-2.4555,
000802.png,-0.4339,1.2206,0.0031,-2.5703,
000803.png,-0.4833,1.1928,0.0031,-2.7187,
000804.png,-0.537,1.1725,0.0031,-2.8664,
000805.png,-0.5937,1.1595,0.0031,-2.9869,
000806.png,-0.6514,1.1527,0.0031,-3.0714,
000807.png,-0.7092,1.1498,0.0031,-3.1115,
000808.png,-0.7668,1.1481,0.0031,-3.1056,
000809.png,-0.824,1.1451,0.0031,-3.0577,
000810.png,-0.8924,1.1368,0.0031,-2.9633,
000811.png,-0.9487,1.1246,0.0031,-2.8741,
000812.png,-1.0044,1.1072,0.0031,-2.7849,
000813.png,-1.0589,1.0846,0.0031,-2.6967,
000814.png,-1.1118,1.0572,0.0031,-2.6176,
000815.png,-1.1621,1.0261,0.0031,-2.5435,
000816.png,-1.2104,0.9912,0.0031,-2.4762,
000817.png,-1.2561,0.9534,0.0031,-2.4121,
000818.png,-1.299,0.9131,0.0031,-2.3515,
000819.png,-1.3391,0.8706,0.0031,-2.2921,
000820.png,-1.3902,0.8081,0.0031,-2.2039,
000821.png,-1.4205,0.7636,0.0031,-2.1051,
000822.png,-1.4451,0.7161,0.0031,-1.9534,
000823.png,-1.4616,0.6632,0.0031,-1.7406,
000824.png,-1.4654,0.6057,0.0031,-1.4772,
000825.png,-1.4529,0.546,0.0031,-1.1945,
000826.png,-1.4232,0.4907,0.0031,-0.9032,
000827.png,-1.3806,0.4476,0.0031,-0.6228,
000828.png,-1.3299,0.4187,0.0031,-0.3667,
000829.png,-1.2752,0.4032,0.0031,-0.1466,
000830.png,-1.2195,0.3993,0.0031,0.0333,
000831.png,-1.164,0.4043,0.0031,0.1657,
000832.png,-1.1099,0.4154,0.0031,0.248,
000833.png,-1.0563,0.4298,0.0031,0.2759,
000834.png,-1.002,0.445,0.0031,0.2591,
000835.png,-0.9463,0.4587,0.0031,0.2063,
000836.png,-0.8899,0.4686,0.0031,0.1192,
000837.png,-0.8331,0.4728,0.0031,0.0005,
000838.png,-0.7758,0.4697,0.0031,-0.1389,
000839.png,-0.7195,0.4583,0.0031,-0.2917,
000840.png,-0.6549,0.4328,0.0031,-0.5018,
000841.png,-0.6061,0.401,0.0031,-0.6899,
000842.png,-0.5635,0.3604,0.0031,-0.8608,
000843.png,-0.528,0.3139,0.0031,-0.9974,
000844.png,-0.4988,0.2643,0.0031,-1.0947,
000845.png,-0.4739,0.2125,0.0031,-1.1589,
000846.png,-0.4519,0.1594,0.0031,-1.2003,
000847.png,-0.4317,0.1057,0.0031,-1.2293,
000848.png,-0.4126,0.0501,0.0031,-1.2555,
000849.png,-0.3948,-0.0067,0.0031,-1.2867,
000850.png,-0.376,-0.076,0.0031,-1.3333,
000851.png,-0.363,-0.134,0.0031,-1.3758,
000852.png,-0.3525,-0.193,0.0031,-1.4224,
000853.png,-0.3449,-0.2517,0.0031,-1.4716,
000854.png,-0.3402,-0.3103,0.0031,-1.5202,
000855.png,-0.3384,-0.3686,0.0031,-1.5713,
000856.png,-0.3397,-0.4263,0.0031,-1.6255,
000857.png,-0.3442,-0.4843,0.0031,-1.6826,
000858.png,-0.352,-0.542,0.0031,-1.7398,
000859.png,-0.3632,-0.5994,0.0031,-1.7963,
000860.png,-0.3809,-0.6675,0.0031,-1.8654,
000861.png,-0.3982,-0.7213,0.0031,-1.8983,
000862.png,-0.4161,-0.7744,0.0031,-1.8793,
000863.png,-0.4318,-0.8286,0.0031,-1.8008,
000864.png,-0.4421,-0.8852,0.0031,-1.6684,
000865.png,-0.4439,-0.9428,0.0031,-1.4923,
000866.png,-0.4347,-0.998,0.0031,-1.2659,
000867.png,-0.4115,-1.0512,0.0031,-0.9984,
000868.png,-0.3723,-1.099,0.0031,-0.7114,
000869.png,-0.3196,-1.1346,0.0031,-0.4158,
000870.png,-0.2459,-1.1548,0.0031,-0.0596,
000871.png,-0.1868,-1.1518,0.0031,0.2137,
000872.png,-0.1376,-1.1362,0.0031,0.4425,
000873.png,-0.0948,-1.112,0.0031,0.6123,
000874.png,-0.0558,-1.0818,0.0031,0.7128,
000875.png,-0.0181,-1.048,0.0031,0.7473,
000876.png,0.0199,-1.0132,0.0031,0.717,
000877.png,0.0615,-0.9793,0.0031,0.6264,
000878.png,0.1075,-0.9496,0.0031,0.4853,
000879.png,0.1591,-0.9268,0.0031,0.3021,
000880.png,0.2269,-0.9134,0.0031,0.0385,
000881.png,0.2855,-0.9168,0.0031,-0.2008,
000882.png,0.3408,-0.9337,0.0031,-0.4402,
000883.png,0.3907,-0.9632,0.0031,-0.6727,
000884.png,0.4329,-1.0035,0.0031,-0.8918,
000885.png,0.4659,-1.0521,0.0031,-1.0992,
000886.png,0.4883,-1.1065,0.0031,-1.3013,
000887.png,0.4994,-1.1643,0.0031,-1.495,
000888.png,0.4995,-1.2235,0.0031,-1.6801,
000889.png,0.4889,-1.2813,0.0031,-1.8629,
000890.png,0.4625,-1.3467,0.0031,-2.081,
000891.png,0.4306,-1.3954,0.0031,-2.2545,
000892.png,0.3909,-1.4382,0.0031,-2.4115,
000893.png,0.3452,-1.4745,0.0031,-2.5573,
000894.png,0.2948,-1.5039,0.0031,-2.6975,
000895.png,0.2411,-1.5259,0.0031,-2.8363,
000896.png,0.1849,-1.5401,0.0031,-2.978,
000897.png,0.1274,-1.5463,0.0031,-3.1216,
000898.png,0.0701,-1.5442,0.0031,3.0202,
000899.png,0.0135,-1.5339,0.0031,2.8769,
000900.png,-0.0522,-1.5109,0.0031,2.7021,
000901.png,-0.101,-1.485,0.0031,2.5937,
000902.png,-0.1462,-1.456,0.0031,2.5468,
000903.png,-0.1912,-1.4257,0.0031,2.5674,
000904.png,-0.2384,-1.3969,0.0031,2.6435,
000905.png,-0.2894,-1.3719,0.0031,2.7502,
000906.png,-0.3442,-1.3522,0.0031,2.8695,
000907.png,-0.4008,-1.3392,0.0031,2.983,
000908.png,-0.4587,-1.3325,0.0031,3.0887,
000909.png,-0.5173,-1.3317,0.0031,-3.0971,
000910.png,-0.5876,-1.338,0.0031,-2.9917,
000911.png,-0.6451,-1.3484,0.0031,-2.925,
000912.png,-0.7016,-1.3618,0.0031,-2.8928,
000913.png,-0.7572,-1.3761,0.0031,-2.8888,
000914.png,-0.8129,-1.3903,0.0031,-2.9003,
000915.png,-0.8691,-1.4036,0.0031,-2.9203,
000916.png,-0.9261,-1.4159,0.0031,-2.9458,
000917.png,-0.9825,-1.4261,0.0031,-2.9917,
000918.png,-1.0392,-1.433,0.0031,-3.0752,
000919.png,-1.0973,-1.4342,0.0031,3.0887,
000920.png,-1.1661,-1.4252,0.0031,2.8931,
000921.png,-1.2176,-1.4076,0.0031,2.6754,
000922.png,-1.2652,-1.3771,0.0031,2.4158,
000923.png,-1.3063,-1.3314,0.0031,2.1314,
000924.png,-1.3338,-1.2729,0.0031,1.8307,
000925.png,-1.3428,-1.2081,0.0031,1.5257,
000926.png,-1.332,-1.1441,0.0031,1.2196,
000927.png,-1.3036,-1.0884,0.0031,0.9151,
000928.png,-1.2609,-1.0449,0.0031,0.6184,
000929.png,-1.2094,-1.0165,0.0031,0.3328,
000930.png,-1.145,-1.0034,0.0031,0.0145,
000931.png,-1.0979,-1.007,0.0031,-0.2078,
000932.png,-1.0552,-1.0191,0.0031,-0.3655,
000933.png,-1.0124,-1.0376,0.0031,-0.4613,
000934.png,-0.9686,-1.0608,0.0031,-0.5192,
000935.png,-0.9234,-1.0876,0.0031,-0.5561,
000936.png,-0.8773,-1.117,0.0031,-0.5852,
000937.png,-0.8303,-1.1489,0.0031,-0.6135,
000938.png,-0.7828,-1.1833,0.0031,-0.6474,
000939.png,-0.736,-1.22,0.0031,-0.6916,
000940.png,-0.6825,-1.2666,0.0031,-0.7558,
000941.png,-0.6427,-1.3053,0.0031,-0.7796,
000942.png,-0.608,-1.3385,0.0031,-0.7183,
000943.png,-0.5716,-1.3672,0.0031,-0.5783,
000944.png,-0.5284,-1.3908,0.0031,-0.3754,
000945.png,-0.4774,-1.4054,0.0031,-0.1344,
000946.png,-0.421,-1.4072,0.0031,0.1239,
000947.png,-0.3646,-1.394,0.0031,0.386,
000948.png,-0.3124,-1.3662,0.0031,0.6427,
000949.png,-0.268,-1.3254,0.0031,0.8922,
000950.png,-0.2297,-1.264,0.0031,1.1788,
000951.png,-0.2127,-1.211,0.0031,1.3782,
000952.png,-0.2059,-1.1625,0.0031,1.4986,
000953.png,-0.2036,-1.1154,0.0031,1.5413,
000954.png,-0.2018,-1.0669,0.0031,1.5073,
000955.png,-0.1965,-1.0144,0.0031,1.402,
000956.png,-0.1837,-0.96,0.0031,1.2405,
000957.png,-0.1609,-0.9074,0.0031,1.0381,
000958.png,-0.1267,-0.8599,0.0031,0.8045,
000959.png,-0.0819,-0.8219,0.0031,0.5466,
000960.png,-0.0047,-0.7909,0.0031,0.1617,
000961.png,0.0573,-0.788,0.0031,-0.1257,
000962.png,0.1192,-0.8034,0.0031,-0.4223,
000963.png,0.1743,-0.8366,0.0031,-0.7216,
000964.png,0.2168,-0.884,0.0031,-1.0174,
000965.png,0.2433,-0.9407,0.0031,-1.3076,
000966.png,0.2525,-1.0021,0.0031,-1.5949,
000967.png,0.2441,-1.0629,0.0031,-1.8788,
000968.png,0.219,-1.1188,0.0031,-2.1621,
000969.png,0.1797,-1.1651,0.0031,-2.446,
000970.png,0.1189,-1.2024,0.0031,-2.7954,
000971.png,0.0613,-1.2159,0.0031,-3.0886,
000972.png,0.0021,-1.212,0.0031,2.8995,
000973.png,-0.0523,-1.1916,0.0031,2.6072,
000974.png,-0.0971,-1.1577,0.0031,2.3239,
000975.png,-0.1294,-1.1146,0.0031,2.0522,
000976.png,-0.1484,-1.0669,0.0031,1.7934,
000977.png,-0.1545,-1.0182,0.0031,1.5535,
000978.png,-0.1495,-0.969,0.0031,1.349,
000979.png,-0.1346,-0.9197,0.0031,1.1805,
000980.png,-0.1064,-0.8622,0.0031,1.0385,
000981.png,-0.0779,-0.8165,0.0031,0.9877,
000982.png,-0.0472,-0.7703,0.0031,0.9848,
000983.png,-0.0161,-0.7226,0.0031,1.0085,
000984.png,0.014,-0.6733,0.0031,1.0426,
000985.png,0.0425,-0.6229,0.0031,1.0782,
000986.png,0.0698,-0.5705,0.0031,1.111,
000987.png,0.0957,-0.5165,0.0031,1.1374,
000988.png,0.1203,-0.4624,0.0031,1.152,
000989.png,0.1441,-0.4087,0.0031,1.1531,
000990.png,0.1729,-0.3442,0.0031,1.1461,
000991.png,0.1972,-0.291,0.0031,1.1399,
000992.png,0.2214,-0.2386,0.0031,1.1357,
000993.png,0.2458,-0.1864,0.0031,1.1307,
000994.png,0.2707,-0.1339,0.0031,1.1232,
000995.png,0.2964,-0.0808,0.0031,1.1133,
000996.png,0.3229,-0.0275,0.0031,1.1032,
000997.png,0.3499,0.0256,0.0031,1.0983,
000998.png,0.3768,0.0782,0.0031,1.097,
000999.png,0.4036,0.1304,0.0031,1.0946,
001000.png,0.436,0.1929,0.0031,1.0906,
001001.png,0.4634,0.2453,0.0031,1.0857,
001002.png,0.4906,0.2967,0.0031,1.0811,
001003.png,0.5181,0.3479,0.0031,1.0756,
001004.png,0.5459,0.3991,0.0031,1.0703,
001005.png,0.5741,0.4505,0.0031,1.0661,
001006.png,0.5857,0.4715,0.0031,1.0643,
001007.png,0.5863,0.4725,0.0031,1.0643,
001008.png,0.5869,0.4736,0.0031,1.0642,
001009.png,0.5874,0.4747,0.0031,1.0642,
